payment_type,payment_records,orders,payment_value,payment_value_share_pct,avg_installments,avg_payment_value
credit_card,74586,74304,12101094.879999377,78.46,3.5,162.24
boleto,19191,19191,2769932.5799999717,17.96,1.0,144.33
voucher,5493,3679,343013.1900000006,2.22,1.0,62.45
debit_card,1486,1485,208421.12000000008,1.35,1.0,140.26
